{
  "version": 1,
  "composition": "prefab",
  "world": {
    "maxExtent": 776.2980106772959,
    "bboxMin": [
      -176.765078,
      2.32270408e-06,
      -360.010616
    ],
    "bboxMax": [
      211.97919900000002,
      776.298013,
      386.3178290000001
    ],
    "groundHex": null
  },
  "framing": {
    "projection": "perspective",
    "tiltDeg": null,
    "distance": 1164.447016015944,
    "frustumHalfSize": null,
    "fovDeg": 60.0
  },
  "render": {
    "preCropWidthPx": 2048,
    "preCropHeightPx": 2048,
    "outputWidthPx": 518,
    "outputHeightPx": 1383,
    "worldUnitsPerOutputPixel": 0.6565369122596304
  }
}
