{
  "version": 1,
  "composition": "prefab",
  "world": {
    "maxExtent": 5.8463294554,
    "bboxMin": [
      -1.81522193,
      -0.0210147654,
      -1.97253355
    ],
    "bboxMax": [
      3.6498655000000007,
      5.82531469,
      0.45215207899999976
    ],
    "groundHex": null
  },
  "framing": {
    "projection": "perspective",
    "tiltDeg": null,
    "distance": 8.7694941831,
    "frustumHalfSize": null,
    "fovDeg": 60.0
  },
  "render": {
    "preCropWidthPx": 2048,
    "preCropHeightPx": 2048,
    "outputWidthPx": 1252,
    "outputHeightPx": 1383,
    "worldUnitsPerOutputPixel": 0.0049444041281930095
  }
}
