{
  "version": 1,
  "composition": "prefab",
  "world": {
    "maxExtent": 7.73682166,
    "bboxMin": [
      -3.90541083,
      0.164000006,
      -6.36241078
    ],
    "bboxMax": [
      3.83141083,
      0.164000006,
      1.37441087
    ],
    "groundHex": null
  },
  "framing": {
    "projection": "orthographic",
    "tiltDeg": 45.0,
    "distance": 12.378914656000001,
    "frustumHalfSize": 5.106302295600001,
    "fovDeg": null
  },
  "render": {
    "preCropWidthPx": 2048,
    "preCropHeightPx": 2048,
    "outputWidthPx": 1616,
    "outputHeightPx": 1162,
    "worldUnitsPerOutputPixel": 0.004986623335546876
  }
}
