{
  "version": 1,
  "composition": "prefab",
  "world": {
    "maxExtent": 2.33853177614,
    "bboxMin": [
      -1.4599462,
      -0.00840590614,
      -0.180860832
    ],
    "bboxMax": [
      0.7260887719999998,
      2.33012587,
      0.78901342
    ],
    "groundHex": null
  },
  "framing": {
    "projection": "perspective",
    "tiltDeg": null,
    "distance": 3.50779766421,
    "frustumHalfSize": null,
    "fovDeg": 60.0
  },
  "render": {
    "preCropWidthPx": 2048,
    "preCropHeightPx": 2048,
    "outputWidthPx": 1208,
    "outputHeightPx": 1185,
    "worldUnitsPerOutputPixel": 0.0019777616461859214
  }
}
