{
  "version": 1,
  "composition": "prefab",
  "world": {
    "maxExtent": 2.33853177614,
    "bboxMin": [
      -0.726088772,
      -0.00840590614,
      -0.78901342
    ],
    "bboxMax": [
      1.4599461999999999,
      2.33012587,
      0.18086083200000003
    ],
    "groundHex": null
  },
  "framing": {
    "projection": "perspective",
    "tiltDeg": null,
    "distance": 3.50779766421,
    "frustumHalfSize": null,
    "fovDeg": 60.0
  },
  "render": {
    "preCropWidthPx": 2048,
    "preCropHeightPx": 2048,
    "outputWidthPx": 1251,
    "outputHeightPx": 1382,
    "worldUnitsPerOutputPixel": 0.0019777616461859214
  }
}
