{
  "version": 1,
  "composition": "layered",
  "world": {
    "maxExtent": 11.01099945,
    "bboxMin": [
      -4.76829978,
      -0.200000003,
      -5.50527051
    ],
    "bboxMax": [
      4.76750565,
      -0.200000003,
      5.50572894
    ],
    "groundHex": {
      "bboxMin": [
        -4.76829978,
        -0.200000003,
        -5.50527051
      ],
      "bboxMax": [
        4.76750565,
        -0.200000003,
        5.50572894
      ],
      "pixelBboxMin": [
        0,
        0
      ],
      "pixelBboxMax": [
        1344,
        1096
      ]
    }
  },
  "framing": {
    "projection": "orthographic",
    "tiltDeg": 45.0,
    "distance": 17.61759912,
    "frustumHalfSize": 7.267259637,
    "fovDeg": null
  },
  "render": {
    "preCropWidthPx": 2048,
    "preCropHeightPx": 2048,
    "outputWidthPx": 1344,
    "outputHeightPx": 1096,
    "worldUnitsPerOutputPixel": 0.007096933239257813
  }
}
